Word,Reading Lists,Phonics Stage,Simple Pronunciation,Strict Pronunciation
the,1-5,irregulars,ð ə,ð ə
the,1-5,irregulars,ð ə,ð i!
of,1-5,irregulars,ə v,ə v
and,k-3,CVC,ə n d,ə n d
and,k-3,CVC,ə n d,æ n d
a,k-3,CVC,ə,ə
a,k-3,CVC,ə,eɪ
to,k-3,CVC,t u!,t u!
to,k-3,CVC,t u!,t ɪ
to,k-3,CVC,t u!,t ə
in,k-3,CVC,ɪ n,ɪ n
is,k-3,CVC,ɪ z,ɪ z
you,1-5,irregulars,j u!,j u!
that,k-3,digraphs,ð æ t,ð æ t
that,k-3,digraphs,ð æ t,ð ə t
it,k-3,CVC,ɪ t,ɪ t
he,k-3,CVC,H i!,H i!
was,1-5,irregulars,w ɑ z,w ɑ z
was,1-5,irregulars,w ɑ z,w ə z
for,k-3,CVC,f ɔ r,f ɔ r
for,k-3,CVC,f ɔ r,f ʳ
for,k-3,CVC,f ɔ r,f r ʳ
on,k-3,CVC,ɑ n,ɑ n
on,k-3,CVC,ɑ n,ɔ n
are,1-5,irregulars,ɑ r,ɑ r
are,1-5,irregulars,ɑ r,ʳ
as,k-3,CVC,æ z,æ z
as,k-3,CVC,æ z,ɛ z
with,k-3,digraphs,w ɪ ð,w ɪ ð
with,k-3,digraphs,w ɪ ð,w ɪ θ
his,k-3,CVC,H ɪ z,H ɪ z
they,k-3,digraphs,ð eɪ,ð eɪ
i,k-3,CVC,aɪ,aɪ
at,k-3,CVC,æ t,æ t
be,k-3,CVC,b i!,b i!
this,k-3,digraphs,ð ɪ s,ð ɪ s
have,1-5,irregulars,H æ v,H æ v
from,1-5,irregulars,f r ə m,f r ə m
or,k-3,CVC,ɔ r,ɔ r
or,k-3,CVC,ɔ r,ʳ
one,1-5,irregulars,w ə n,w ə n
had,k-3,CVC,H æ d,H æ d
by,k-3,CVC,b aɪ,b aɪ
word,k-3,CVC,w ʳ d,w ʳ d
but,k-3,CVC,b ə t,b ə t
not,k-3,CVC,n ɑ t,n ɑ t
what,1-5,irregulars,w ə t,w ə t
what,1-5,irregulars,w ə t,H w ə t
all,k-3,CVC,ɔ l,ɔ l
were,1-5,irregulars,w ʳ,w ʳ
we,k-3,CVC,w i!,w i!
when,k-3,digraphs,w ɛ n,w ɛ n
when,k-3,digraphs,w ɛ n,H w ɛ n
when,k-3,digraphs,w ɛ n,w ɪ n
when,k-3,digraphs,w ɛ n,H w ɪ n
your,1-5,irregulars,j ɔ r,j ɔ r
your,1-5,irregulars,j ɔ r,j ʊ r
can,k-3,CVC,k æ n,k æ n
can,k-3,CVC,k æ n,k ə n
said,1-5,irregulars,s ɛ d,s ɛ d
there,1-5,irregulars,ð ɛ r,ð ɛ r
use,k-3,CVC,j u! s,j u! s
use,k-3,CVC,j u! s,j u! z
an,k-3,CVC,æ n,æ n
an,k-3,CVC,æ n,ə n
each,k-3,digraphs,i! tʃ,i! tʃ
which,k-3,digraphs,w ɪ tʃ,w ɪ tʃ
which,k-3,digraphs,w ɪ tʃ,H w ɪ tʃ
she,k-3,digraphs,ʃ i!,ʃ i!
do,k-3,CVC,d u!,d u!
how,k-3,CVC,H aʊ,H aʊ
their,1-5,irregulars,ð ɛ r,ð ɛ r
if,k-3,CVC,ɪ f,ɪ f
will,k-3,CVC,w ɪ l,w ɪ l
will,k-3,CVC,w ɪ l,w ə l
up,k-3,CVC,ə p,ə p
other,1-5,digraphs,ə ð ʳ,ə ð ʳ
about,1-5,digraphs,ə b aʊ t,ə b aʊ t
out,k-3,digraphs,aʊ t,aʊ t
many,1-5,irregulars,m ɛ n i!,m ɛ n i!
then,k-3,digraphs,ð ɛ n,ð ɛ n
them,k-3,digraphs,ð ɛ m,ð ɛ m
them,k-3,digraphs,ð ɛ m,ð ə m
these,k-3,digraphs,ð i! z,ð i! z
so,k-3,CVC,s oʊ,s oʊ
some,1-5,irregulars,s ə m,s ə m
her,k-3,CVC,H ʳ,H ʳ
would,1-5,irregulars,w ʊ d,w ʊ d
make,k-3,CVC,m eɪ k,m eɪ k
like,k-3,CVC,l aɪ k,l aɪ k
him,k-3,CVC,H ɪ m,H ɪ m
him,k-3,CVC,H ɪ m,ɪ m
into,1-5,irregulars,ɪ n t u!,ɪ n t u!
into,1-5,irregulars,ɪ n t u!,ɪ n t ə
time,k-3,CVC,t aɪ m,t aɪ m
has,k-3,CVC,H æ z,H æ z
has,k-3,CVC,H æ z,H ə z
look,k-3,digraphs,l ʊ k,l ʊ k
two,1-5,irregulars,t u!,t u!
more,k-3,CVC,m ɔ r,m ɔ r
write,k-3,digraphs,r aɪ t,r aɪ t
go,k-3,CVC,ɡ oʊ,ɡ oʊ
see,k-3,digraphs,s i!,s i!
number,1-5,digraphs,n ə m b ʳ,n ə m b ʳ
no,k-3,CVC,n oʊ,n oʊ
way,k-3,CVC,w eɪ,w eɪ
could,1-5,irregulars,k ʊ d,k ʊ d
people,1-5,irregulars,p i! p ə l,p i! p ə l
my,k-3,CVC,m aɪ,m aɪ
than,k-3,digraphs,ð æ n,ð æ n
than,k-3,digraphs,ð æ n,ð ə n
first,k-3,blends,f ʳ s t,f ʳ s t
water,1-5,irregulars,w ɔ t ʳ,w ɔ t ʳ
been,k-3,digraphs,b ɪ n,b ɪ n
been,k-3,digraphs,b ɪ n,b ə n
call,k-3,CVC,k ɔ l,k ɔ l
who,1-5,irregulars,H u!,H u!
oil,k-3,digraphs,ɔɪ l,ɔɪ l
now,k-3,CVC,n aʊ,n aʊ
find,k-3,CVC,f aɪ n d,f aɪ n d
long,k-3,digraphs,l ɔ ŋ,l ɔ ŋ
down,k-3,digraphs,d aʊ n,d aʊ n
dy,k-3,CVC,d y,d y
did,k-3,CVC,d ɪ d,d ɪ d
get,k-3,CVC,ɡ ɛ t,ɡ ɛ t
get,k-3,CVC,ɡ ɛ t,ɡ ɪ t
come,1-5,irregulars,k ə m,k ə m
made,k-3,CVC,m eɪ d,m eɪ d
may,k-3,CVC,m eɪ,m eɪ
part,k-3,CVC,p ɑ r t,p ɑ r t
over,1-5,irregulars,oʊ v ʳ,oʊ v ʳ
new,k-3,CVC,n u!,n u!
new,k-3,CVC,n u!,n j u!
sound,k-3,digraphs,s aʊ n d,s aʊ n d
take,k-3,CVC,t eɪ k,t eɪ k
only,1-5,irregulars,oʊ n l i!,oʊ n l i!
little,1-5,irregulars,l ɪ t ə l,l ɪ t ə l
work,k-3,CVC,w ʳ k,w ʳ k
know,k-3,digraphs,n oʊ,n oʊ
place,k-3,blends,p l eɪ s,p l eɪ s
year,k-3,digraphs,j ɪ r,j ɪ r
live,k-3,CVC,l aɪ v,l aɪ v
live,k-3,CVC,l aɪ v,l ɪ v
me,k-3,CVC,m i!,m i!
back,k-3,digraphs,b æ k,b æ k
give,k-3,CVC,ɡ ɪ v,ɡ ɪ v
most,k-3,blends,m oʊ s t,m oʊ s t
most,k-3,blends,m oʊ s t,m oʊ s
very,1-5,irregulars,v ɛ r i!,v ɛ r i!
after,1-5,irregulars,æ f t ʳ,æ f t ʳ
thing,k-3,digraphs,θ ɪ ŋ,θ ɪ ŋ
our,1-5,digraphs,aʊ ʳ,aʊ ʳ
our,1-5,digraphs,aʊ ʳ,aʊ r
our,1-5,digraphs,aʊ ʳ,ɑ r
just,k-3,blends,dʒ ə s t,dʒ ə s t
just,k-3,blends,dʒ ə s t,dʒ ɪ s t
name,k-3,CVC,n eɪ m,n eɪ m
good,k-3,digraphs,ɡ ʊ d,ɡ ʊ d
good,k-3,digraphs,ɡ ʊ d,ɡ ɪ d
sentence,1-5,irregulars,s ɛ n t ə n s,s ɛ n t ə n s
man,k-3,CVC,m æ n,m æ n
think,k-3,digraphs,θ ɪ ŋ k,θ ɪ ŋ k
say,k-3,CVC,s eɪ,s eɪ
great,k-3,digraphs,ɡ r eɪ t,ɡ r eɪ t
where,1-5,irregulars,w ɛ r,w ɛ r
where,1-5,irregulars,w ɛ r,H w ɛ r
help,k-3,CVC,H ɛ l p,H ɛ l p
through,1-5,irregulars,θ r u!,θ r u!
much,k-3,digraphs,m ə tʃ,m ə tʃ
before,1-5,irregulars,b ɪ f ɔ r,b ɪ f ɔ r
before,1-5,irregulars,b ɪ f ɔ r,b i! f ɔ r
line,k-3,CVC,l aɪ n,l aɪ n
right,k-3,digraphs,r aɪ t,r aɪ t
too,k-3,digraphs,t u!,t u!
mean,k-3,digraphs,m i! n,m i! n
old,k-3,CVC,oʊ l d,oʊ l d
any,1-5,irregulars,ɛ n i!,ɛ n i!
same,k-3,CVC,s eɪ m,s eɪ m
tell,k-3,CVC,t ɛ l,t ɛ l
boy,k-3,CVC,b ɔɪ,b ɔɪ
follow,1-5,digraphs,f ɑ l oʊ,f ɑ l oʊ
came,k-3,CVC,k eɪ m,k eɪ m
want,k-3,CVC,w ɑ n t,w ɑ n t
want,k-3,CVC,w ɑ n t,w ɔ n t
show,k-3,digraphs,ʃ oʊ,ʃ oʊ
also,1-5,irregulars,ɔ l s oʊ,ɔ l s oʊ
around,1-5,digraphs,ʳ aʊ n d,ʳ aʊ n d
around,1-5,digraphs,ʳ aʊ n d,ʳ aʊ n
form,k-3,CVC,f ɔ r m,f ɔ r m
three,k-3,digraphs,θ r i!,θ r i!
small,k-3,blends,s m ɔ l,s m ɔ l
set,k-3,CVC,s ɛ t,s ɛ t
put,k-3,CVC,p ʊ t,p ʊ t
end,k-3,CVC,ɛ n d,ɛ n d
does,1-5,irregulars,d ə z,d ə z
does,1-5,irregulars,d ə z,d ɪ z
another,1-5,digraphs,ə n ə ð ʳ,ə n ə ð ʳ
well,k-3,CVC,w ɛ l,w ɛ l
large,k-3,blends,l ɑ r dʒ,l ɑ r dʒ
must,k-3,blends,m ə s t,m ə s t
big,k-3,CVC,b ɪ ɡ,b ɪ ɡ
even,1-5,irregulars,i! v ɪ n,i! v ɪ n
such,k-3,digraphs,s ə tʃ,s ə tʃ
because,1-5,irregulars,b ɪ k ɔ z,b ɪ k ɔ z
because,1-5,irregulars,b ɪ k ɔ z,b ɪ k ə z
because,1-5,irregulars,b ɪ k ɔ z,b ɪ k ɑ z
turn,k-3,CVC,t ʳ n,t ʳ n
here,1-5,irregulars,H i! r,H i! r
why,k-3,digraphs,w aɪ,w aɪ
why,k-3,digraphs,w aɪ,H w aɪ
ask,k-3,blends,æ s k,æ s k
went,k-3,CVC,w ɛ n t,w ɛ n t
men,k-3,CVC,m ɛ n,m ɛ n
read,k-3,digraphs,r ɛ d,r ɛ d
read,k-3,digraphs,r ɛ d,r i! d
need,k-3,digraphs,n i! d,n i! d
land,k-3,CVC,l æ n d,l æ n d
different,1-5,irregulars,d ɪ f ʳ ə n t,d ɪ f ʳ ə n t
different,1-5,irregulars,d ɪ f ʳ ə n t,d ɪ f r ə n t
home,k-3,CVC,H oʊ m,H oʊ m
us,k-3,CVC,ə s,ə s
us,k-3,CVC,ə s,j u! ɛ s
move,k-3,CVC,m u! v,m u! v
try,k-3,blends,t r aɪ,t r aɪ
kind,k-3,CVC,k aɪ n d,k aɪ n d
hand,k-3,CVC,H æ n d,H æ n d
picture,1-5,irregulars,p ɪ k tʃ ʳ,p ɪ k tʃ ʳ
again,1-5,digraphs,ə ɡ ɛ n,ə ɡ ɛ n
again,1-5,digraphs,ə ɡ ɛ n,ə ɡ eɪ n
change,1-5,digraphs,tʃ eɪ n dʒ,tʃ eɪ n dʒ
off,k-3,CVC,ɔ f,ɔ f
play,k-3,digraphs,p l eɪ,p l eɪ
spell,k-3,blends,s p ɛ l,s p ɛ l
air,k-3,digraphs,ɛ r,ɛ r
away,1-5,digraphs,ə w eɪ,ə w eɪ
animal,1-5,irregulars,æ n ə m ə l,æ n ə m ə l
house,k-3,digraphs,H aʊ s,H aʊ s
point,k-3,digraphs,p ɔɪ n t,p ɔɪ n t
page,k-3,CVC,p eɪ dʒ,p eɪ dʒ
letter,1-5,irregulars,l ɛ t ʳ,l ɛ t ʳ
mother,1-5,digraphs,m ə ð ʳ,m ə ð ʳ
answer,1-5,blends,æ n s ʳ,æ n s ʳ
found,k-3,digraphs,f aʊ n d,f aʊ n d
study,1-5,blends,s t ə d i!,s t ə d i!
still,k-3,blends,s t ɪ l,s t ɪ l
learn,k-3,digraphs,l ʳ n,l ʳ n
should,1-5,irregulars,ʃ ʊ d,ʃ ʊ d
america,1-5,irregulars,ə m ɛ r ə k ə,ə m ɛ r ə k ə
america,1-5,irregulars,ə m ɛ r ə k ə,ə m ɛ r ɪ k ə
world,k-3,blends,w ʳ l d,w ʳ l d
high,k-3,digraphs,H aɪ,H aɪ
every,1-5,irregulars,ɛ v ʳ i!,ɛ v ʳ i!
every,1-5,irregulars,ɛ v ʳ i!,ɛ v r i!
near,k-3,digraphs,n ɪ r,n ɪ r
add,k-3,CVC,æ d,æ d
food,k-3,digraphs,f u! d,f u! d
between,1-5,digraphs,b ɪ t w i! n,b ɪ t w i! n
between,1-5,digraphs,b ɪ t w i! n,b i! t w i! n
own,k-3,digraphs,oʊ n,oʊ n
below,1-5,digraphs,b ɪ l oʊ,b ɪ l oʊ
below,1-5,digraphs,b ɪ l oʊ,b i! l oʊ
country,1-5,digraphs,k ə n t r i!,k ə n t r i!
plant,k-3,blends,p l æ n t,p l æ n t
last,k-3,blends,l æ s t,l æ s t
last,k-3,blends,l æ s t,l æ s
school,1-5,digraphs,s k u! l,s k u! l
father,1-5,digraphs,f ɑ ð ʳ,f ɑ ð ʳ
keep,k-3,digraphs,k i! p,k i! p
tree,k-3,digraphs,t r i!,t r i!
never,1-5,irregulars,n ɛ v ʳ,n ɛ v ʳ
start,k-3,blends,s t ɑ r t,s t ɑ r t
city,1-5,irregulars,s ɪ t i!,s ɪ t i!
earth,k-3,digraphs,ʳ θ,ʳ θ
eye,k-3,CVC,aɪ,aɪ
light,k-3,digraphs,l aɪ t,l aɪ t
thought,1-5,digraphs,θ ɔ t,θ ɔ t
head,k-3,digraphs,H ɛ d,H ɛ d
under,1-5,irregulars,ə n d ʳ,ə n d ʳ
story,1-5,blends,s t ɔ r i!,s t ɔ r i!
saw,k-3,CVC,s ɔ,s ɔ
left,k-3,CVC,l ɛ f t,l ɛ f t
don't,k-3,blends,d oʊ n t,d oʊ n t
don't,k-3,blends,d oʊ n t,d oʊ n
few,k-3,CVC,f j u!,f j u!
while,k-3,digraphs,w aɪ l,w aɪ l
while,k-3,digraphs,w aɪ l,H w aɪ l
along,1-5,digraphs,ə l ɔ ŋ,ə l ɔ ŋ
might,k-3,digraphs,m aɪ t,m aɪ t
close,k-3,blends,k l oʊ s,k l oʊ s
close,k-3,blends,k l oʊ s,k l oʊ z
something,1-5,digraphs,s ə m θ ɪ ŋ,s ə m θ ɪ ŋ
seem,k-3,digraphs,s i! m,s i! m
next,k-3,CVC,n ɛ k s t,n ɛ k s t
next,k-3,CVC,n ɛ k s t,n ɛ k s
hard,k-3,CVC,H ɑ r d,H ɑ r d
open,1-5,irregulars,oʊ p ə n,oʊ p ə n
example,1-5,blends,ɪ ɡ z æ m p ə l,ɪ ɡ z æ m p ə l
begin,1-5,irregulars,b ɪ ɡ ɪ n,b ɪ ɡ ɪ n
life,k-3,CVC,l aɪ f,l aɪ f
always,1-5,digraphs,ɔ l w eɪ z,ɔ l w eɪ z
always,1-5,digraphs,ɔ l w eɪ z,ɔ l w i! z
those,k-3,digraphs,ð oʊ z,ð oʊ z
both,k-3,digraphs,b oʊ θ,b oʊ θ
paper,1-5,irregulars,p eɪ p ʳ,p eɪ p ʳ
together,1-5,digraphs,t ə ɡ ɛ ð ʳ,t ə ɡ ɛ ð ʳ
got,k-3,CVC,ɡ ɑ t,ɡ ɑ t
group,k-3,digraphs,ɡ r u! p,ɡ r u! p
often,1-5,irregulars,ɔ f ə n,ɔ f ə n
often,1-5,irregulars,ɔ f ə n,ɔ f t ə n
run,k-3,CVC,r ə n,r ə n
important,1-5,irregulars,ɪ m p ɔ r t ə n t,ɪ m p ɔ r t ə n t
until,1-5,irregulars,ə n t ɪ l,ə n t ɪ l
children,1-5,digraphs,tʃ ɪ l d r ə n,tʃ ɪ l d r ə n
side,k-3,CVC,s aɪ d,s aɪ d
feet,k-3,digraphs,f i! t,f i! t
car,k-3,CVC,k ɑ r,k ɑ r
mile,k-3,CVC,m aɪ l,m aɪ l
night,k-3,digraphs,n aɪ t,n aɪ t
walk,k-3,CVC,w ɔ k,w ɔ k
walk,k-3,CVC,w ɔ k,w ɑ k
white,k-3,digraphs,w aɪ t,w aɪ t
white,k-3,digraphs,w aɪ t,H w aɪ t
sea,k-3,digraphs,s i!,s i!
began,1-5,irregulars,b ɪ ɡ æ n,b ɪ ɡ æ n
began,1-5,irregulars,b ɪ ɡ æ n,b i! ɡ æ n
grow,k-3,digraphs,ɡ r oʊ,ɡ r oʊ
took,k-3,digraphs,t ʊ k,t ʊ k
river,1-5,irregulars,r ɪ v ʳ,r ɪ v ʳ
four,k-3,digraphs,f ɔ r,f ɔ r
carry,1-5,irregulars,k æ r i!,k æ r i!
carry,1-5,irregulars,k æ r i!,k ɛ r i!
state,k-3,blends,s t eɪ t,s t eɪ t
once,1-5,irregulars,w ə n s,w ə n s
book,k-3,digraphs,b ʊ k,b ʊ k
hear,k-3,digraphs,H i! r,H i! r
stop,k-3,blends,s t ɑ p,s t ɑ p
without,1-5,digraphs,w ɪ θ aʊ t,w ɪ θ aʊ t
without,1-5,digraphs,w ɪ θ aʊ t,w ɪ ð aʊ t
second,1-5,irregulars,s ɛ k ə n d,s ɛ k ə n d
late,k-3,CVC,l eɪ t,l eɪ t
miss,k-3,CVC,m ɪ s,m ɪ s
idea,1-5,digraphs,aɪ d i! ə,aɪ d i! ə
enough,1-5,digraphs,ɪ n ə f,ɪ n ə f
enough,1-5,digraphs,ɪ n ə f,i! n ə f
eat,k-3,digraphs,i! t,i! t
face,k-3,CVC,f eɪ s,f eɪ s
watch,k-3,digraphs,w ɑ tʃ,w ɑ tʃ
watch,k-3,digraphs,w ɑ tʃ,w ɔ tʃ
far,k-3,CVC,f ɑ r,f ɑ r
indian,1-5,irregulars,ɪ n d i! ə n,ɪ n d i! ə n
real,k-3,digraphs,r i! l,r i! l
almost,1-5,blends,ɔ l m oʊ s t,ɔ l m oʊ s t
let,k-3,CVC,l ɛ t,l ɛ t
above,1-5,irregulars,ə b ə v,ə b ə v
girl,k-3,CVC,ɡ ʳ l,ɡ ʳ l
sometimes,1-5,irregulars,s ə m t aɪ m z,s ə m t aɪ m z
mountain,1-5,digraphs,m aʊ n t ə n,m aʊ n t ə n
cut,k-3,CVC,k ə t,k ə t
young,k-3,digraphs,j ə ŋ,j ə ŋ
talk,k-3,CVC,t ɔ k,t ɔ k
soon,k-3,digraphs,s u! n,s u! n
list,k-3,blends,l ɪ s t,l ɪ s t
song,k-3,digraphs,s ɔ ŋ,s ɔ ŋ
being,1-5,digraphs,b i! ɪ ŋ,b i! ɪ ŋ
leave,k-3,digraphs,l i! v,l i! v
family,1-5,irregulars,f æ m ə l i!,f æ m ə l i!
family,1-5,irregulars,f æ m ə l i!,f æ m l i!
it's,k-3,CVC,ɪ t s,ɪ t s
afternoon,1-5,digraphs,æ f t ʳ n u! n,æ f t ʳ n u! n
body,1-5,irregulars,b ɑ d i!,b ɑ d i!
music,1-5,irregulars,m j u! z ɪ k,m j u! z ɪ k
color,1-5,irregulars,k ə l ʳ,k ə l ʳ
color,1-5,irregulars,k ə l ʳ,k ɔ l ʳ
stand,k-3,blends,s t æ n d,s t æ n d
sun,k-3,CVC,s ə n,s ə n
questions,1-5,digraphs,k w ɛ s tʃ ə n z,k w ɛ s tʃ ə n z
fish,k-3,digraphs,f ɪ ʃ,f ɪ ʃ
area,1-5,digraphs,ɛ r i! ə,ɛ r i! ə
mark,k-3,CVC,m ɑ r k,m ɑ r k
dog,k-3,CVC,d ɔ ɡ,d ɔ ɡ
horse,k-3,blends,H ɔ r s,H ɔ r s
birds,k-3,blends,b ʳ d z,b ʳ d z
problem,1-5,blends,p r ɑ b l ə m,p r ɑ b l ə m
complete,1-5,blends,k ə m p l i! t,k ə m p l i! t
room,k-3,digraphs,r u! m,r u! m
knew,k-3,digraphs,n u!,n u!
knew,k-3,digraphs,n u!,n j u!
since,k-3,blends,s ɪ n s,s ɪ n s
ever,1-5,irregulars,ɛ v ʳ,ɛ v ʳ
piece,k-3,blends,p i! s,p i! s
told,k-3,CVC,t oʊ l d,t oʊ l d
usually,1-5,irregulars,j u! ʒ ə w ə l i!,j u! ʒ ə w ə l i!
usually,1-5,irregulars,j u! ʒ ə w ə l i!,j u! ʒ ə l i!
didn't,1-5,irregulars,d ɪ d ə n t,d ɪ d ə n t
didn't,1-5,irregulars,d ɪ d ə n t,d ɪ d n t
didn't,1-5,irregulars,d ɪ d ə n t,d ɪ d ə n
didn't,1-5,irregulars,d ɪ d ə n t,d ɪ n t
friends,1-5,blends,f r ɛ n d z,f r ɛ n d z
friends,1-5,blends,f r ɛ n d z,f r ɛ n z
easy,1-5,digraphs,i! z i!,i! z i!
heard,k-3,digraphs,H ʳ d,H ʳ d
order,1-5,irregulars,ɔ r d ʳ,ɔ r d ʳ
red,k-3,CVC,r ɛ d,r ɛ d
door,k-3,digraphs,d ɔ r,d ɔ r
sure,k-3,CVC,ʃ ʊ r,ʃ ʊ r
become,1-5,irregulars,b ɪ k ə m,b ɪ k ə m
top,k-3,CVC,t ɑ p,t ɑ p
top,k-3,CVC,t ɑ p,t ɔ p
ship,k-3,digraphs,ʃ ɪ p,ʃ ɪ p
across,1-5,blends,ə k r ɔ s,ə k r ɔ s
today,1-5,digraphs,t ə d eɪ,t ə d eɪ
today,1-5,digraphs,t ə d eɪ,t u! d eɪ
during,1-5,digraphs,d ʊ r ɪ ŋ,d ʊ r ɪ ŋ
during,1-5,digraphs,d ʊ r ɪ ŋ,d j ʊ r ɪ ŋ
during,1-5,digraphs,d ʊ r ɪ ŋ,d ʳ ɪ ŋ
short,k-3,digraphs,ʃ ɔ r t,ʃ ɔ r t
better,1-5,irregulars,b ɛ t ʳ,b ɛ t ʳ
best,k-3,blends,b ɛ s t,b ɛ s t
however,1-5,digraphs,H aʊ ɛ v ʳ,H aʊ ɛ v ʳ
low,k-3,CVC,l oʊ,l oʊ
hours,1-5,digraphs,aʊ ʳ z,aʊ ʳ z
hours,1-5,digraphs,aʊ ʳ z,aʊ r z
black,k-3,digraphs,b l æ k,b l æ k
products,1-5,blends,p r ɑ d ə k t s,p r ɑ d ə k t s
products,1-5,blends,p r ɑ d ə k t s,p r ɑ d ə k s
happened,1-5,irregulars,H æ p ə n d,H æ p ə n d
whole,k-3,digraphs,H oʊ l,H oʊ l
measure,1-5,digraphs,m ɛ ʒ ʳ,m ɛ ʒ ʳ
remember,1-5,digraphs,r ɪ m ɛ m b ʳ,r ɪ m ɛ m b ʳ
remember,1-5,digraphs,r ɪ m ɛ m b ʳ,r i! m ɛ m b ʳ
early,1-5,digraphs,ʳ l i!,ʳ l i!
waves,k-3,blends,w eɪ v z,w eɪ v z
reached,1-5,digraphs,r i! tʃ t,r i! tʃ t
listen,1-5,blends,l ɪ s ə n,l ɪ s ə n
wind,k-3,CVC,w aɪ n d,w aɪ n d
wind,k-3,CVC,w aɪ n d,w ɪ n d
rock,k-3,digraphs,r ɑ k,r ɑ k
space,k-3,blends,s p eɪ s,s p eɪ s
covered,1-5,irregulars,k ə v ʳ d,k ə v ʳ d
fast,k-3,blends,f æ s t,f æ s t
several,1-5,irregulars,s ɛ v r ə l,s ɛ v r ə l
several,1-5,irregulars,s ɛ v r ə l,s ɛ v ʳ ə l
hold,k-3,CVC,H oʊ l d,H oʊ l d
himself,1-5,irregulars,H ɪ m s ɛ l f,H ɪ m s ɛ l f
toward,1-5,digraphs,t ə w ɔ r d,t ə w ɔ r d
toward,1-5,digraphs,t ə w ɔ r d,t ɔ r d
five,k-3,CVC,f aɪ v,f aɪ v
step,k-3,blends,s t ɛ p,s t ɛ p
morning,1-5,digraphs,m ɔ r n ɪ ŋ,m ɔ r n ɪ ŋ
passed,1-5,blends,p æ s t,p æ s t
vowel,1-5,digraphs,v aʊ ə l,v aʊ ə l
true,k-3,blends,t r u!,t r u!
hundred,1-5,blends,H ə n d r ə d,H ə n d r ə d
hundred,1-5,blends,H ə n d r ə d,H ə n d r ɪ d
hundred,1-5,blends,H ə n d r ə d,H ə n ʳ d
hundred,1-5,blends,H ə n d r ə d,H ə n d ʳ d
against,1-5,digraphs,ə ɡ ɛ n s t,ə ɡ ɛ n s t
against,1-5,digraphs,ə ɡ ɛ n s t,ə ɡ eɪ n s t
pattern,1-5,irregulars,p æ t ʳ n,p æ t ʳ n
numeral,1-5,irregulars,n u! m ʳ ə l,n u! m ʳ ə l
table,1-5,blends,t eɪ b ə l,t eɪ b ə l
north,k-3,digraphs,n ɔ r θ,n ɔ r θ
slowly,1-5,digraphs,s l oʊ l i!,s l oʊ l i!
money,1-5,irregulars,m ə n i!,m ə n i!
map,k-3,CVC,m æ p,m æ p
farm,k-3,CVC,f ɑ r m,f ɑ r m
pulled,1-5,blends,p ʊ l d,p ʊ l d
draw,k-3,blends,d r ɔ,d r ɔ
voice,k-3,digraphs,v ɔɪ s,v ɔɪ s
seen,k-3,digraphs,s i! n,s i! n
cold,k-3,CVC,k oʊ l d,k oʊ l d
cried,k-3,blends,k r aɪ d,k r aɪ d
plan,k-3,blends,p l æ n,p l æ n
notice,1-5,irregulars,n oʊ t ə s,n oʊ t ə s
notice,1-5,irregulars,n oʊ t ə s,n oʊ t ɪ s
south,k-3,digraphs,s aʊ θ,s aʊ θ
sing,k-3,digraphs,s ɪ ŋ,s ɪ ŋ
war,k-3,CVC,w ɔ r,w ɔ r
ground,1-5,digraphs,ɡ r aʊ n d,ɡ r aʊ n d
fall,k-3,CVC,f ɔ l,f ɔ l
fall,k-3,CVC,f ɔ l,f ɑ l
king,k-3,digraphs,k ɪ ŋ,k ɪ ŋ
town,k-3,digraphs,t aʊ n,t aʊ n
i'll,k-3,CVC,aɪ l,aɪ l
unit,1-5,irregulars,j u! n ə t,j u! n ə t
unit,1-5,irregulars,j u! n ə t,j u! n ɪ t
figure,1-5,irregulars,f ɪ ɡ j ʳ,f ɪ ɡ j ʳ
certain,1-5,digraphs,s ʳ t ə n,s ʳ t ə n
field,k-3,blends,f i! l d,f i! l d
travel,1-5,blends,t r æ v ə l,t r æ v ə l
wood,k-3,digraphs,w ʊ d,w ʊ d
fire,1-5,irregulars,f aɪ ʳ,f aɪ ʳ
fire,1-5,irregulars,f aɪ ʳ,f aɪ r
upon,1-5,irregulars,ə p ɑ n,ə p ɑ n
done,1-5,irregulars,d ə n,d ə n
english,1-5,digraphs,ɪ ŋ ɡ l ɪ ʃ,ɪ ŋ ɡ l ɪ ʃ
english,1-5,digraphs,ɪ ŋ ɡ l ɪ ʃ,ɪ ŋ l ɪ ʃ
road,k-3,digraphs,r oʊ d,r oʊ d
half,k-3,CVC,H æ f,H æ f
ten,k-3,CVC,t ɛ n,t ɛ n
fly,k-3,blends,f l aɪ,f l aɪ
gave,k-3,CVC,ɡ eɪ v,ɡ eɪ v
box,k-3,CVC,b ɑ k s,b ɑ k s
finally,1-5,irregulars,f aɪ n ə l i!,f aɪ n ə l i!
wait,k-3,digraphs,w eɪ t,w eɪ t
correct,1-5,irregulars,k ʳ ɛ k t,k ʳ ɛ k t
oh,k-3,CVC,oʊ,oʊ
quickly,1-5,digraphs,k w ɪ k l i!,k w ɪ k l i!
person,1-5,irregulars,p ʳ s ə n,p ʳ s ə n
became,1-5,irregulars,b ɪ k eɪ m,b ɪ k eɪ m
became,1-5,irregulars,b ɪ k eɪ m,b i! k eɪ m
shown,k-3,digraphs,ʃ oʊ n,ʃ oʊ n
minutes,1-5,irregulars,m ɪ n ə t s,m ɪ n ə t s
strong,1-5,digraphs,s t r ɔ ŋ,s t r ɔ ŋ
verb,k-3,CVC,v ʳ b,v ʳ b
stars,k-3,blends,s t ɑ r z,s t ɑ r z
front,k-3,blends,f r ə n t,f r ə n t
feel,k-3,digraphs,f i! l,f i! l
fact,k-3,CVC,f æ k t,f æ k t
inches,1-5,digraphs,ɪ n tʃ ə z,ɪ n tʃ ə z
inches,1-5,digraphs,ɪ n tʃ ə z,ɪ n tʃ ɪ z
street,1-5,digraphs,s t r i! t,s t r i! t
decided,1-5,irregulars,d ɪ s aɪ d ɪ d,d ɪ s aɪ d ɪ d
contain,1-5,digraphs,k ə n t eɪ n,k ə n t eɪ n
course,1-5,digraphs,k ɔ r s,k ɔ r s
surface,1-5,irregulars,s ʳ f ə s,s ʳ f ə s
produce,1-5,blends,p r ə d u! s,p r ə d u! s
produce,1-5,blends,p r ə d u! s,p r oʊ d u! s
building,1-5,digraphs,b ɪ l d ɪ ŋ,b ɪ l d ɪ ŋ
ocean,1-5,digraphs,oʊ ʃ ə n,oʊ ʃ ə n
class,k-3,blends,k l æ s,k l æ s
note,k-3,CVC,n oʊ t,n oʊ t
nothing,1-5,digraphs,n ə θ ɪ ŋ,n ə θ ɪ ŋ
rest,k-3,blends,r ɛ s t,r ɛ s t
carefully,1-5,irregulars,k ɛ r f ə l i!,k ɛ r f ə l i!
scientist,1-5,blends,s aɪ ə n t ɪ s t,s aɪ ə n t ɪ s t
inside,1-5,irregulars,ɪ n s aɪ d,ɪ n s aɪ d
wheels,1-5,digraphs,w i! l z,w i! l z
wheels,1-5,digraphs,w i! l z,H w i! l z
stay,k-3,digraphs,s t eɪ,s t eɪ
green,k-3,digraphs,ɡ r i! n,ɡ r i! n
known,k-3,digraphs,n oʊ n,n oʊ n
island,1-5,blends,aɪ l ə n d,aɪ l ə n d
week,k-3,digraphs,w i! k,w i! k
less,k-3,CVC,l ɛ s,l ɛ s
machine,1-5,digraphs,m ə ʃ i! n,m ə ʃ i! n
base,k-3,CVC,b eɪ s,b eɪ s
ago,1-5,irregulars,ə ɡ oʊ,ə ɡ oʊ
stood,k-3,digraphs,s t ʊ d,s t ʊ d
plane,k-3,blends,p l eɪ n,p l eɪ n
system,1-5,blends,s ɪ s t ə m,s ɪ s t ə m
behind,1-5,irregulars,b ɪ H aɪ n d,b ɪ H aɪ n d
ran,k-3,CVC,r æ n,r æ n
round,k-3,digraphs,r aʊ n d,r aʊ n d
boat,k-3,digraphs,b oʊ t,b oʊ t
game,k-3,CVC,ɡ eɪ m,ɡ eɪ m
force,k-3,blends,f ɔ r s,f ɔ r s
brought,1-5,digraphs,b r ɔ t,b r ɔ t
understand,1-5,blends,ə n d ʳ s t æ n d,ə n d ʳ s t æ n d
warm,k-3,CVC,w ɔ r m,w ɔ r m
common,1-5,irregulars,k ɑ m ə n,k ɑ m ə n
bring,k-3,digraphs,b r ɪ ŋ,b r ɪ ŋ
explain,1-5,digraphs,ɪ k s p l eɪ n,ɪ k s p l eɪ n
dry,k-3,blends,d r aɪ,d r aɪ
though,1-5,irregulars,ð oʊ,ð oʊ
language,1-5,digraphs,l æ ŋ ɡ w ə dʒ,l æ ŋ ɡ w ə dʒ
language,1-5,digraphs,l æ ŋ ɡ w ə dʒ,l æ ŋ ɡ w ɪ dʒ
shape,k-3,digraphs,ʃ eɪ p,ʃ eɪ p
deep,k-3,digraphs,d i! p,d i! p
thousands,1-5,digraphs,θ aʊ z ə n d z,θ aʊ z ə n d z
thousands,1-5,digraphs,θ aʊ z ə n d z,θ aʊ z ə n z
yes,k-3,CVC,j ɛ s,j ɛ s
clear,k-3,digraphs,k l ɪ r,k l ɪ r
equation,1-5,digraphs,ɪ k w eɪ ʒ ə n,ɪ k w eɪ ʒ ə n
yet,k-3,CVC,j ɛ t,j ɛ t
government,1-5,irregulars,ɡ ə v ʳ m ə n t,ɡ ə v ʳ m ə n t
government,1-5,irregulars,ɡ ə v ʳ m ə n t,ɡ ə v ʳ n m ə n t
filled,1-5,blends,f ɪ l d,f ɪ l d
heat,k-3,digraphs,H i! t,H i! t
full,k-3,CVC,f ʊ l,f ʊ l
hot,k-3,CVC,H ɑ t,H ɑ t
check,k-3,digraphs,tʃ ɛ k,tʃ ɛ k
object,1-5,irregulars,ɑ b dʒ ɛ k t,ɑ b dʒ ɛ k t
object,1-5,irregulars,ɑ b dʒ ɛ k t,ə b dʒ ɛ k t
am,k-3,CVC,æ m,æ m
am,k-3,CVC,æ m,eɪ ɛ m
rule,k-3,CVC,r u! l,r u! l
among,1-5,digraphs,ə m ə ŋ,ə m ə ŋ
noun,k-3,digraphs,n aʊ n,n aʊ n
power,1-5,digraphs,p aʊ ʳ,p aʊ ʳ
cannot,1-5,irregulars,k æ n ɑ t,k æ n ɑ t
cannot,1-5,irregulars,k æ n ɑ t,k ə n ɑ t
able,1-5,blends,eɪ b ə l,eɪ b ə l
six,k-3,CVC,s ɪ k s,s ɪ k s
size,k-3,CVC,s aɪ z,s aɪ z
dark,k-3,CVC,d ɑ r k,d ɑ r k
ball,k-3,CVC,b ɔ l,b ɔ l
material,1-5,irregulars,m ə t ɪ r i! ə l,m ə t ɪ r i! ə l
special,1-5,blends,s p ɛ ʃ ə l,s p ɛ ʃ ə l
heavy,1-5,digraphs,H ɛ v i!,H ɛ v i!
fine,k-3,CVC,f aɪ n,f aɪ n
fine,k-3,CVC,f aɪ n,f ɪ n ə
pair,k-3,digraphs,p ɛ r,p ɛ r
circle,1-5,blends,s ʳ k ə l,s ʳ k ə l
include,1-5,blends,ɪ n k l u! d,ɪ n k l u! d
built,k-3,blends,b ɪ l t,b ɪ l t
can't,k-3,blends,k æ n t,k æ n t
matter,1-5,irregulars,m æ t ʳ,m æ t ʳ
square,1-5,digraphs,s k w ɛ r,s k w ɛ r
syllables,1-5,blends,s ɪ l ə b ə l z,s ɪ l ə b ə l z
perhaps,1-5,irregulars,p ʳ H æ p s,p ʳ H æ p s
bill,k-3,CVC,b ɪ l,b ɪ l
felt,k-3,CVC,f ɛ l t,f ɛ l t
suddenly,1-5,irregulars,s ə d ə n l i!,s ə d ə n l i!
test,k-3,blends,t ɛ s t,t ɛ s t
direction,1-5,irregulars,d ʳ ɛ k ʃ ə n,d ʳ ɛ k ʃ ə n
direction,1-5,irregulars,d ʳ ɛ k ʃ ə n,d i! r ɛ k ʃ ɪ n
direction,1-5,irregulars,d ʳ ɛ k ʃ ə n,d aɪ r ɛ k ʃ ɪ n
direction,1-5,irregulars,d ʳ ɛ k ʃ ə n,d ɪ r ɛ k ʃ ɪ n
center,1-5,irregulars,s ɛ n t ʳ,s ɛ n t ʳ
center,1-5,irregulars,s ɛ n t ʳ,s ɛ n ʳ
farmers,1-5,irregulars,f ɑ r m ʳ z,f ɑ r m ʳ z
ready,1-5,digraphs,r ɛ d i!,r ɛ d i!
anything,1-5,digraphs,ɛ n i! θ ɪ ŋ,ɛ n i! θ ɪ ŋ
divided,1-5,irregulars,d ɪ v aɪ d ɪ d,d ɪ v aɪ d ɪ d
general,1-5,irregulars,dʒ ɛ n ʳ ə l,dʒ ɛ n ʳ ə l
general,1-5,irregulars,dʒ ɛ n ʳ ə l,dʒ ɛ n r ə l
energy,1-5,irregulars,ɛ n ʳ dʒ i!,ɛ n ʳ dʒ i!
subject,1-5,irregulars,s ə b dʒ ɛ k t,s ə b dʒ ɛ k t
subject,1-5,irregulars,s ə b dʒ ɛ k t,s ə b dʒ ɪ k t
europe,1-5,irregulars,j ʊ r ə p,j ʊ r ə p
moon,k-3,digraphs,m u! n,m u! n
region,1-5,irregulars,r i! dʒ ə n,r i! dʒ ə n
return,1-5,irregulars,r ɪ t ʳ n,r ɪ t ʳ n
return,1-5,irregulars,r ɪ t ʳ n,r i! t ʳ n
believe,1-5,irregulars,b ɪ l i! v,b ɪ l i! v
dance,k-3,blends,d æ n s,d æ n s
members,1-5,digraphs,m ɛ m b ʳ z,m ɛ m b ʳ z
picked,1-5,digraphs,p ɪ k t,p ɪ k t
simple,1-5,blends,s ɪ m p ə l,s ɪ m p ə l
cells,k-3,blends,s ɛ l z,s ɛ l z
paint,k-3,digraphs,p eɪ n t,p eɪ n t
mind,k-3,CVC,m aɪ n d,m aɪ n d
love,k-3,CVC,l ə v,l ə v
cause,k-3,blends,k ɑ z,k ɑ z
cause,k-3,blends,k ɑ z,k ɔ z
rain,k-3,digraphs,r eɪ n,r eɪ n
exercise,1-5,irregulars,ɛ k s ʳ s aɪ z,ɛ k s ʳ s aɪ z
eggs,k-3,CVC,ɛ ɡ z,ɛ ɡ z
train,k-3,digraphs,t r eɪ n,t r eɪ n
blue,k-3,blends,b l u!,b l u!
wish,k-3,digraphs,w ɪ ʃ,w ɪ ʃ
drop,k-3,blends,d r ɑ p,d r ɑ p
drop,k-3,blends,d r ɑ p,d r ɔ p
developed,1-5,irregulars,d ɪ v ɛ l ə p t,d ɪ v ɛ l ə p t
window,1-5,digraphs,w ɪ n d oʊ,w ɪ n d oʊ
difference,1-5,irregulars,d ɪ f ʳ ə n s,d ɪ f ʳ ə n s
difference,1-5,irregulars,d ɪ f ʳ ə n s,d ɪ f r ə n s
distance,1-5,blends,d ɪ s t ə n s,d ɪ s t ə n s
heart,k-3,digraphs,H ɑ r t,H ɑ r t
sit,k-3,CVC,s ɪ t,s ɪ t
sum,k-3,CVC,s ə m,s ə m
summer,1-5,irregulars,s ə m ʳ,s ə m ʳ
wall,k-3,CVC,w ɔ l,w ɔ l
forest,1-5,blends,f ɔ r ə s t,f ɔ r ə s t
forest,1-5,blends,f ɔ r ə s t,f ɔ r ɪ s t
probably,1-5,blends,p r ɑ b ə b l i!,p r ɑ b ə b l i!
probably,1-5,blends,p r ɑ b ə b l i!,p r ɑ b l i!
legs,k-3,CVC,l ɛ ɡ z,l ɛ ɡ z
sat,k-3,CVC,s æ t,s æ t
main,k-3,digraphs,m eɪ n,m eɪ n
winter,1-5,irregulars,w ɪ n t ʳ,w ɪ n t ʳ
wide,k-3,CVC,w aɪ d,w aɪ d
written,1-5,digraphs,r ɪ t ə n,r ɪ t ə n
length,1-5,digraphs,l ɛ ŋ k θ,l ɛ ŋ k θ
length,1-5,digraphs,l ɛ ŋ k θ,l ɛ ŋ θ
reason,1-5,digraphs,r i! z ə n,r i! z ə n
kept,k-3,CVC,k ɛ p t,k ɛ p t
kept,k-3,CVC,k ɛ p t,k æ p t
interest,1-5,blends,ɪ n t r ə s t,ɪ n t r ə s t
interest,1-5,blends,ɪ n t r ə s t,ɪ n t r ɪ s t
interest,1-5,blends,ɪ n t r ə s t,ɪ n t ʳ ə s t
interest,1-5,blends,ɪ n t r ə s t,ɪ n t ʳ ɪ s t
arms,k-3,CVC,ɑ r m z,ɑ r m z
brother,1-5,digraphs,b r ə ð ʳ,b r ə ð ʳ
race,k-3,CVC,r eɪ s,r eɪ s
present,1-5,blends,p r ɛ z ə n t,p r ɛ z ə n t
present,1-5,blends,p r ɛ z ə n t,p r i! z ɛ n t
present,1-5,blends,p r ɛ z ə n t,p ʳ z ɛ n t
beautiful,1-5,digraphs,b j u! t ə f ə l,b j u! t ə f ə l
store,k-3,blends,s t ɔ r,s t ɔ r
job,k-3,CVC,dʒ ɑ b,dʒ ɑ b
job,k-3,CVC,dʒ ɑ b,dʒ oʊ b
edge,k-3,digraphs,ɛ dʒ,ɛ dʒ
past,k-3,blends,p æ s t,p æ s t
sign,k-3,digraphs,s aɪ n,s aɪ n
record,1-5,irregulars,r ə k ɔ r d,r ə k ɔ r d
record,1-5,irregulars,r ə k ɔ r d,r ɛ k ʳ d
record,1-5,irregulars,r ə k ɔ r d,r ɪ k ɔ r d
finished,1-5,digraphs,f ɪ n ɪ ʃ t,f ɪ n ɪ ʃ t
discovered,1-5,irregulars,d ɪ s k ə v ʳ d,d ɪ s k ə v ʳ d
wild,k-3,CVC,w aɪ l d,w aɪ l d
happy,1-5,irregulars,H æ p i!,H æ p i!
beside,1-5,irregulars,b ɪ s aɪ d,b ɪ s aɪ d
beside,1-5,irregulars,b ɪ s aɪ d,b i! s aɪ d
gone,1-5,irregulars,ɡ ɔ n,ɡ ɔ n
sky,k-3,blends,s k aɪ,s k aɪ
glass,k-3,blends,ɡ l æ s,ɡ l æ s
million,1-5,irregulars,m ɪ l j ə n,m ɪ l j ə n
west,k-3,blends,w ɛ s t,w ɛ s t
lay,k-3,CVC,l eɪ,l eɪ
weather,1-5,digraphs,w ɛ ð ʳ,w ɛ ð ʳ
root,k-3,digraphs,r u! t,r u! t
instruments,1-5,blends,ɪ n s t r ə m ə n t s,ɪ n s t r ə m ə n t s
meet,k-3,digraphs,m i! t,m i! t
third,k-3,digraphs,θ ʳ d,θ ʳ d
months,1-5,digraphs,m ə n θ s,m ə n θ s
paragraph,1-5,digraphs,p æ r ə ɡ r æ f,p æ r ə ɡ r æ f
paragraph,1-5,digraphs,p æ r ə ɡ r æ f,p ɛ r ə ɡ r æ f
raised,1-5,digraphs,r eɪ z d,r eɪ z d
represent,1-5,blends,r ɛ p r ɪ z ɛ n t,r ɛ p r ɪ z ɛ n t
soft,k-3,CVC,s ɑ f t,s ɑ f t
soft,k-3,CVC,s ɑ f t,s ɔ f t
whether,1-5,digraphs,w ɛ ð ʳ,w ɛ ð ʳ
whether,1-5,digraphs,w ɛ ð ʳ,H w ɛ ð ʳ
clothes,1-5,digraphs,k l oʊ ð z,k l oʊ ð z
clothes,1-5,digraphs,k l oʊ ð z,k l oʊ z
flowers,1-5,digraphs,f l aʊ ʳ z,f l aʊ ʳ z
shall,k-3,digraphs,ʃ æ l,ʃ æ l
teacher,1-5,digraphs,t i! tʃ ʳ,t i! tʃ ʳ
held,k-3,CVC,H ɛ l d,H ɛ l d
describe,1-5,blends,d ɪ s k r aɪ b,d ɪ s k r aɪ b
drive,k-3,blends,d r aɪ v,d r aɪ v
cross,k-3,blends,k r ɔ s,k r ɔ s
speak,k-3,digraphs,s p i! k,s p i! k
solve,k-3,blends,s ɑ l v,s ɑ l v
appear,1-5,digraphs,ə p ɪ r,ə p ɪ r
metal,1-5,irregulars,m ɛ t ə l,m ɛ t ə l
son,k-3,CVC,s ə n,s ə n
either,1-5,digraphs,i! ð ʳ,i! ð ʳ
either,1-5,digraphs,i! ð ʳ,aɪ ð ʳ
ice,k-3,CVC,aɪ s,aɪ s
sleep,k-3,digraphs,s l i! p,s l i! p
village,1-5,irregulars,v ɪ l ə dʒ,v ɪ l ə dʒ
village,1-5,irregulars,v ɪ l ə dʒ,v ɪ l ɪ dʒ
factors,1-5,irregulars,f æ k t ʳ z,f æ k t ʳ z
result,1-5,irregulars,r ɪ z ə l t,r ɪ z ə l t
result,1-5,irregulars,r ɪ z ə l t,r i! z ə l t
jumped,1-5,blends,dʒ ə m p t,dʒ ə m p t
snow,k-3,digraphs,s n oʊ,s n oʊ
ride,k-3,CVC,r aɪ d,r aɪ d
care,k-3,CVC,k ɛ r,k ɛ r
floor,k-3,digraphs,f l ɔ r,f l ɔ r
hill,k-3,CVC,H ɪ l,H ɪ l
pushed,1-5,digraphs,p ʊ ʃ t,p ʊ ʃ t
baby,1-5,irregulars,b eɪ b i!,b eɪ b i!
buy,k-3,CVC,b aɪ,b aɪ
century,1-5,irregulars,s ɛ n tʃ ʳ i!,s ɛ n tʃ ʳ i!
outside,1-5,digraphs,aʊ t s aɪ d,aʊ t s aɪ d
everything,1-5,digraphs,ɛ v r i! θ ɪ ŋ,ɛ v r i! θ ɪ ŋ
tall,k-3,CVC,t ɔ l,t ɔ l
already,1-5,digraphs,ɔ l r ɛ d i!,ɔ l r ɛ d i!
already,1-5,digraphs,ɔ l r ɛ d i!,ɔ r ɛ d i!
instead,1-5,digraphs,ɪ n s t ɛ d,ɪ n s t ɛ d
phrase,1-5,digraphs,f r eɪ z,f r eɪ z
soil,k-3,digraphs,s ɔɪ l,s ɔɪ l
bed,k-3,CVC,b ɛ d,b ɛ d
copy,1-5,irregulars,k ɑ p i!,k ɑ p i!
free,k-3,digraphs,f r i!,f r i!
hope,k-3,CVC,H oʊ p,H oʊ p
spring,1-5,digraphs,s p r ɪ ŋ,s p r ɪ ŋ
spring,1-5,digraphs,s p r ɪ ŋ,s p ʳ ɪ ŋ
case,k-3,CVC,k eɪ s,k eɪ s
laughed,1-5,blends,l æ f t,l æ f t
nation,1-5,irregulars,n eɪ ʃ ə n,n eɪ ʃ ə n
quite,k-3,digraphs,k w aɪ t,k w aɪ t
type,k-3,CVC,t aɪ p,t aɪ p
themselves,1-5,digraphs,ð ɛ m s ɛ l v z,ð ɛ m s ɛ l v z
themselves,1-5,digraphs,ð ɛ m s ɛ l v z,ð ə m s ɛ l v z
temperature,1-5,irregulars,t ɛ m p r ə tʃ ʳ,t ɛ m p r ə tʃ ʳ
temperature,1-5,irregulars,t ɛ m p r ə tʃ ʳ,t ɛ m p ʳ ə tʃ ʳ
bright,1-5,digraphs,b r aɪ t,b r aɪ t
lead,k-3,digraphs,l ɛ d,l ɛ d
lead,k-3,digraphs,l ɛ d,l i! d
everyone,1-5,irregulars,ɛ v r i! w ə n,ɛ v r i! w ə n
method,1-5,digraphs,m ɛ θ ə d,m ɛ θ ə d
section,1-5,irregulars,s ɛ k ʃ ə n,s ɛ k ʃ ə n
lake,k-3,CVC,l eɪ k,l eɪ k
consonant,1-5,irregulars,k ɑ n s ə n ə n t,k ɑ n s ə n ə n t
within,1-5,digraphs,w ɪ ð ɪ n,w ɪ ð ɪ n
within,1-5,digraphs,w ɪ ð ɪ n,w ɪ θ ɪ n
dictionary,1-5,irregulars,d ɪ k ʃ ə n ɛ r i!,d ɪ k ʃ ə n ɛ r i!
hair,k-3,digraphs,H ɛ r,H ɛ r
age,k-3,CVC,eɪ dʒ,eɪ dʒ
amount,1-5,digraphs,ə m aʊ n t,ə m aʊ n t
scale,k-3,blends,s k eɪ l,s k eɪ l
pounds,1-5,digraphs,p aʊ n d z,p aʊ n d z
pounds,1-5,digraphs,p aʊ n d z,p aʊ n z
although,1-5,digraphs,ɔ l ð oʊ,ɔ l ð oʊ
per,k-3,CVC,p ʳ,p ʳ
broken,1-5,blends,b r oʊ k ə n,b r oʊ k ə n
moment,1-5,irregulars,m oʊ m ə n t,m oʊ m ə n t
tiny,1-5,irregulars,t aɪ n i!,t aɪ n i!
possible,1-5,blends,p ɑ s ə b ə l,p ɑ s ə b ə l
gold,k-3,CVC,ɡ oʊ l d,ɡ oʊ l d
milk,k-3,CVC,m ɪ l k,m ɪ l k
quiet,1-5,digraphs,k w aɪ ə t,k w aɪ ə t
natural,1-5,irregulars,n æ tʃ ʳ ə l,n æ tʃ ʳ ə l
natural,1-5,irregulars,n æ tʃ ʳ ə l,n æ tʃ r ə l
lot,k-3,CVC,l ɑ t,l ɑ t
lot,k-3,CVC,l ɑ t,l ɔ t
stone,k-3,blends,s t oʊ n,s t oʊ n
act,k-3,CVC,æ k t,æ k t
build,k-3,blends,b ɪ l d,b ɪ l d
middle,1-5,irregulars,m ɪ d ə l,m ɪ d ə l
speed,k-3,digraphs,s p i! d,s p i! d
count,k-3,digraphs,k aʊ n t,k aʊ n t
cat,k-3,CVC,k æ t,k æ t
someone,1-5,irregulars,s ə m w ə n,s ə m w ə n
sail,k-3,digraphs,s eɪ l,s eɪ l
rolled,1-5,blends,r oʊ l d,r oʊ l d
bear,k-3,digraphs,b ɛ r,b ɛ r
wonder,1-5,irregulars,w ə n d ʳ,w ə n d ʳ
smiled,1-5,blends,s m aɪ l d,s m aɪ l d
angle,1-5,digraphs,æ ŋ ɡ ə l,æ ŋ ɡ ə l
fraction,1-5,blends,f r æ k ʃ ə n,f r æ k ʃ ə n
africa,1-5,blends,æ f r ə k ɑ,æ f r ə k ɑ
africa,1-5,blends,æ f r ə k ɑ,æ f r ɪ k ə
africa,1-5,blends,æ f r ə k ɑ,æ f ʳ k ə
killed,1-5,blends,k ɪ l d,k ɪ l d
melody,1-5,irregulars,m ɛ l ə d i!,m ɛ l ə d i!
bottom,1-5,irregulars,b ɑ t ə m,b ɑ t ə m
trip,k-3,blends,t r ɪ p,t r ɪ p
hole,k-3,CVC,H oʊ l,H oʊ l
poor,k-3,digraphs,p u! r,p u! r
let's,k-3,blends,l ɛ t s,l ɛ t s
fight,k-3,digraphs,f aɪ t,f aɪ t
surprise,1-5,blends,s ʳ p r aɪ z,s ʳ p r aɪ z
surprise,1-5,blends,s ʳ p r aɪ z,s ə p r aɪ z
french,1-5,digraphs,f r ɛ n tʃ,f r ɛ n tʃ
died,k-3,CVC,d aɪ d,d aɪ d
beat,k-3,digraphs,b i! t,b i! t
exactly,1-5,irregulars,ɪ ɡ z æ k t l i!,ɪ ɡ z æ k t l i!
remain,1-5,digraphs,r ɪ m eɪ n,r ɪ m eɪ n
remain,1-5,digraphs,r ɪ m eɪ n,r i! m eɪ n
dress,k-3,blends,d r ɛ s,d r ɛ s
iron,1-5,irregulars,aɪ ʳ n,aɪ ʳ n
couldn't,1-5,digraphs,k ʊ d ə n t,k ʊ d ə n t
couldn't,1-5,digraphs,k ʊ d ə n t,k ʊ d ə n
fingers,1-5,digraphs,f ɪ ŋ ɡ ʳ z,f ɪ ŋ ɡ ʳ z
row,k-3,CVC,r oʊ,r oʊ
least,k-3,digraphs,l i! s t,l i! s t
catch,k-3,digraphs,k æ tʃ,k æ tʃ
climbed,1-5,digraphs,k l aɪ m d,k l aɪ m d
wrote,k-3,digraphs,r oʊ t,r oʊ t
shouted,1-5,digraphs,ʃ aʊ t ɪ d,ʃ aʊ t ɪ d
continued,1-5,irregulars,k ə n t ɪ n j u! d,k ə n t ɪ n j u! d
itself,1-5,irregulars,ɪ t s ɛ l f,ɪ t s ɛ l f
else,k-3,CVC,ɛ l s,ɛ l s
plains,1-5,digraphs,p l eɪ n z,p l eɪ n z
gas,k-3,CVC,ɡ æ s,ɡ æ s
england,1-5,digraphs,ɪ ŋ ɡ l ə n d,ɪ ŋ ɡ l ə n d
burning,1-5,digraphs,b ʳ n ɪ ŋ,b ʳ n ɪ ŋ
design,1-5,digraphs,d ɪ z aɪ n,d ɪ z aɪ n
joined,1-5,digraphs,dʒ ɔɪ n d,dʒ ɔɪ n d
foot,k-3,digraphs,f ʊ t,f ʊ t
law,k-3,CVC,l ɔ,l ɔ
law,k-3,CVC,l ɔ,l ɑ
ears,k-3,digraphs,ɪ r z,ɪ r z
ears,k-3,digraphs,ɪ r z,i! r z
grass,k-3,blends,ɡ r æ s,ɡ r æ s
you're,1-5,digraphs,j ʊ r,j ʊ r
you're,1-5,digraphs,j ʊ r,j u! r
grew,k-3,blends,ɡ r u!,ɡ r u!
skin,k-3,blends,s k ɪ n,s k ɪ n
valley,1-5,irregulars,v æ l i!,v æ l i!
cents,k-3,blends,s ɛ n t s,s ɛ n t s
cents,k-3,blends,s ɛ n t s,s ɛ n s
key,k-3,CVC,k i!,k i!
president,1-5,blends,p r ɛ z ə d ɛ n t,p r ɛ z ə d ɛ n t
president,1-5,blends,p r ɛ z ə d ɛ n t,p r ɛ z ɪ d ə n t
brown,k-3,digraphs,b r aʊ n,b r aʊ n
trouble,1-5,digraphs,t r ə b ə l,t r ə b ə l
cool,k-3,digraphs,k u! l,k u! l
cloud,k-3,digraphs,k l aʊ d,k l aʊ d
lost,k-3,blends,l ɔ s t,l ɔ s t
sent,k-3,CVC,s ɛ n t,s ɛ n t
symbols,1-5,digraphs,s ɪ m b ə l z,s ɪ m b ə l z
wear,k-3,digraphs,w ɛ r,w ɛ r
bad,k-3,CVC,b æ d,b æ d
save,k-3,CVC,s eɪ v,s eɪ v
experiment,1-5,irregulars,ɪ k s p ɛ r ə m ə n t,ɪ k s p ɛ r ə m ə n t
engine,1-5,digraphs,ɛ n dʒ ə n,ɛ n dʒ ə n
engine,1-5,digraphs,ɛ n dʒ ə n,ɪ n dʒ ə n
alone,1-5,irregulars,ə l oʊ n,ə l oʊ n
drawing,1-5,digraphs,d r ɔ ɪ ŋ,d r ɔ ɪ ŋ
east,k-3,digraphs,i! s t,i! s t
pay,k-3,CVC,p eɪ,p eɪ
single,1-5,digraphs,s ɪ ŋ ɡ ə l,s ɪ ŋ ɡ ə l
touch,k-3,digraphs,t ə tʃ,t ə tʃ
information,1-5,irregulars,ɪ n f ʳ m eɪ ʃ ə n,ɪ n f ʳ m eɪ ʃ ə n
information,1-5,irregulars,ɪ n f ʳ m eɪ ʃ ə n,ɪ n f ɔ r m eɪ ʃ ə n
express,1-5,blends,ɪ k s p r ɛ s,ɪ k s p r ɛ s
mouth,k-3,digraphs,m aʊ θ,m aʊ θ
yard,k-3,CVC,j ɑ r d,j ɑ r d
equal,1-5,digraphs,i! k w ə l,i! k w ə l
decimal,1-5,irregulars,d ɛ s ə m ə l,d ɛ s ə m ə l
yourself,1-5,digraphs,j ʳ s ɛ l f,j ʳ s ɛ l f
yourself,1-5,digraphs,j ʳ s ɛ l f,j ʊ r s ɛ l f
yourself,1-5,digraphs,j ʳ s ɛ l f,j ɔ r s ɛ l f
control,1-5,blends,k ə n t r oʊ l,k ə n t r oʊ l
practice,1-5,blends,p r æ k t ə s,p r æ k t ə s
practice,1-5,blends,p r æ k t ə s,p r æ k t ɪ s
report,1-5,irregulars,r i! p ɔ r t,r i! p ɔ r t
report,1-5,irregulars,r i! p ɔ r t,r ɪ p ɔ r t
straight,1-5,digraphs,s t r eɪ t,s t r eɪ t
rise,k-3,CVC,r aɪ z,r aɪ z
statement,1-5,blends,s t eɪ t m ə n t,s t eɪ t m ə n t
stick,k-3,digraphs,s t ɪ k,s t ɪ k
party,1-5,irregulars,p ɑ r t i!,p ɑ r t i!
seeds,k-3,digraphs,s i! d z,s i! d z
suppose,1-5,irregulars,s ə p oʊ z,s ə p oʊ z
woman,1-5,irregulars,w ʊ m ə n,w ʊ m ə n
coast,k-3,digraphs,k oʊ s t,k oʊ s t
bank,k-3,CVC,b æ ŋ k,b æ ŋ k
period,1-5,irregulars,p ɪ r i! ə d,p ɪ r i! ə d
wire,1-5,irregulars,w aɪ ʳ,w aɪ ʳ
wire,1-5,irregulars,w aɪ ʳ,w aɪ r
choose,1-5,digraphs,tʃ u! z,tʃ u! z
clean,k-3,digraphs,k l i! n,k l i! n
visit,1-5,irregulars,v ɪ z ɪ t,v ɪ z ɪ t
bit,k-3,CVC,b ɪ t,b ɪ t
whose,k-3,digraphs,H u! z,H u! z
received,1-5,irregulars,r ə s i! v d,r ə s i! v d
received,1-5,irregulars,r ə s i! v d,r ɪ s i! v d
received,1-5,irregulars,r ə s i! v d,r i! s i! v d
garden,1-5,irregulars,ɡ ɑ r d ə n,ɡ ɑ r d ə n
please,1-5,digraphs,p l i! z,p l i! z
strange,1-5,digraphs,s t r eɪ n dʒ,s t r eɪ n dʒ
caught,1-5,blends,k ɑ t,k ɑ t
caught,1-5,blends,k ɑ t,k ɔ t
fell,k-3,CVC,f ɛ l,f ɛ l
team,k-3,digraphs,t i! m,t i! m
god,k-3,CVC,ɡ ɑ d,ɡ ɑ d
captain,1-5,digraphs,k æ p t ə n,k æ p t ə n
direct,1-5,irregulars,d ʳ ɛ k t,d ʳ ɛ k t
direct,1-5,irregulars,d ʳ ɛ k t,d aɪ r ɛ k t
direct,1-5,irregulars,d ʳ ɛ k t,d ɪ r ɛ k t
ring,k-3,digraphs,r ɪ ŋ,r ɪ ŋ
serve,k-3,blends,s ʳ v,s ʳ v
child,k-3,digraphs,tʃ aɪ l d,tʃ aɪ l d
desert,1-5,irregulars,d ɛ z ʳ t,d ɛ z ʳ t
desert,1-5,irregulars,d ɛ z ʳ t,d ɪ z ʳ t
increase,1-5,digraphs,ɪ n k r i! s,ɪ n k r i! s
history,1-5,blends,H ɪ s t ʳ i!,H ɪ s t ʳ i!
history,1-5,blends,H ɪ s t ʳ i!,H ɪ s t r i!
cost,k-3,blends,k ɑ s t,k ɑ s t
cost,k-3,blends,k ɑ s t,k ɔ s t
maybe,1-5,digraphs,m eɪ b i!,m eɪ b i!
business,1-5,irregulars,b ɪ z n ə s,b ɪ z n ə s
business,1-5,irregulars,b ɪ z n ə s,b ɪ z n ɪ s
separate,1-5,irregulars,s ɛ p ʳ eɪ t,s ɛ p ʳ eɪ t
separate,1-5,irregulars,s ɛ p ʳ eɪ t,s ɛ p ʳ ɪ t
separate,1-5,irregulars,s ɛ p ʳ eɪ t,s ɛ p r ə t
break,k-3,digraphs,b r eɪ k,b r eɪ k
uncle,1-5,blends,ə ŋ k ə l,ə ŋ k ə l
hunting,1-5,digraphs,H ə n t ɪ ŋ,H ə n t ɪ ŋ
flow,k-3,digraphs,f l oʊ,f l oʊ
lady,1-5,irregulars,l eɪ d i!,l eɪ d i!
students,1-5,blends,s t u! d ə n t s,s t u! d ə n t s
human,1-5,irregulars,H j u! m ə n,H j u! m ə n
human,1-5,irregulars,H j u! m ə n,j u! m ə n
art,k-3,CVC,ɑ r t,ɑ r t
feeling,1-5,digraphs,f i! l ɪ ŋ,f i! l ɪ ŋ
supply,1-5,blends,s ə p l aɪ,s ə p l aɪ
corner,1-5,irregulars,k ɔ r n ʳ,k ɔ r n ʳ
electric,1-5,blends,ɪ l ɛ k t r ɪ k,ɪ l ɛ k t r ɪ k
insects,1-5,irregulars,ɪ n s ɛ k t s,ɪ n s ɛ k t s
crops,k-3,blends,k r ɑ p s,k r ɑ p s
tone,k-3,CVC,t oʊ n,t oʊ n
hit,k-3,CVC,H ɪ t,H ɪ t
sand,k-3,CVC,s æ n d,s æ n d
doctor,1-5,irregulars,d ɑ k t ʳ,d ɑ k t ʳ
doctor,1-5,irregulars,d ɑ k t ʳ,d ɔ k t ʳ
provide,1-5,blends,p r ə v aɪ d,p r ə v aɪ d
thus,k-3,digraphs,ð ə s,ð ə s
won't,k-3,blends,w oʊ n t,w oʊ n t
cook,k-3,digraphs,k ʊ k,k ʊ k
bones,k-3,blends,b oʊ n z,b oʊ n z
tail,k-3,digraphs,t eɪ l,t eɪ l
board,k-3,digraphs,b ɔ r d,b ɔ r d
modern,1-5,irregulars,m ɑ d ʳ n,m ɑ d ʳ n
compound,1-5,digraphs,k ɑ m p aʊ n d,k ɑ m p aʊ n d
compound,1-5,digraphs,k ɑ m p aʊ n d,k ə m p aʊ n d
mine,k-3,CVC,m aɪ n,m aɪ n
wasn't,1-5,blends,w ɑ z ə n t,w ɑ z ə n t
wasn't,1-5,blends,w ɑ z ə n t,w ə z ə n t
fit,k-3,CVC,f ɪ t,f ɪ t
addition,1-5,irregulars,ə d ɪ ʃ ə n,ə d ɪ ʃ ə n
belong,1-5,digraphs,b ɪ l ɔ ŋ,b ɪ l ɔ ŋ
safe,k-3,CVC,s eɪ f,s eɪ f
soldiers,1-5,irregulars,s oʊ l dʒ ʳ z,s oʊ l dʒ ʳ z
guess,k-3,blends,ɡ ɛ s,ɡ ɛ s
silent,1-5,irregulars,s aɪ l ə n t,s aɪ l ə n t
trade,k-3,blends,t r eɪ d,t r eɪ d
rather,1-5,digraphs,r æ ð ʳ,r æ ð ʳ
rather,1-5,digraphs,r æ ð ʳ,r ə ð ʳ
compare,1-5,irregulars,k ə m p ɛ r,k ə m p ɛ r
crowd,k-3,digraphs,k r aʊ d,k r aʊ d
poem,1-5,irregulars,p oʊ ə m,p oʊ ə m
enjoy,1-5,digraphs,ɛ n dʒ ɔɪ,ɛ n dʒ ɔɪ
enjoy,1-5,digraphs,ɛ n dʒ ɔɪ,ɪ n dʒ ɔɪ
elements,1-5,irregulars,ɛ l ə m ə n t s,ɛ l ə m ə n t s
indicate,1-5,irregulars,ɪ n d ə k eɪ t,ɪ n d ə k eɪ t
except,1-5,irregulars,ɪ k s ɛ p t,ɪ k s ɛ p t
expect,1-5,irregulars,ɪ k s p ɛ k t,ɪ k s p ɛ k t
flat,k-3,blends,f l æ t,f l æ t
seven,1-5,irregulars,s ɛ v ə n,s ɛ v ə n
interesting,1-5,digraphs,ɪ n t r ə s t ɪ ŋ,ɪ n t r ə s t ɪ ŋ
interesting,1-5,digraphs,ɪ n t r ə s t ɪ ŋ,ɪ n t r ɪ s t ɪ ŋ
interesting,1-5,digraphs,ɪ n t r ə s t ɪ ŋ,ɪ n t ʳ ə s t ɪ ŋ
interesting,1-5,digraphs,ɪ n t r ə s t ɪ ŋ,ɪ n t ʳ ɪ s t ɪ ŋ
sense,k-3,blends,s ɛ n s,s ɛ n s
string,1-5,digraphs,s t r ɪ ŋ,s t r ɪ ŋ
blow,k-3,digraphs,b l oʊ,b l oʊ
famous,1-5,digraphs,f eɪ m ə s,f eɪ m ə s
value,1-5,irregulars,v æ l j u!,v æ l j u!
wings,k-3,digraphs,w ɪ ŋ z,w ɪ ŋ z
movement,1-5,irregulars,m u! v m ə n t,m u! v m ə n t
pole,k-3,CVC,p oʊ l,p oʊ l
exciting,1-5,digraphs,ɪ k s aɪ t ɪ ŋ,ɪ k s aɪ t ɪ ŋ
branches,1-5,digraphs,b r æ n tʃ ə z,b r æ n tʃ ə z
branches,1-5,digraphs,b r æ n tʃ ə z,b r æ n tʃ ɪ z
thick,k-3,digraphs,θ ɪ k,θ ɪ k
blood,k-3,digraphs,b l ə d,b l ə d
lie,k-3,CVC,l aɪ,l aɪ
spot,k-3,blends,s p ɑ t,s p ɑ t
bell,k-3,CVC,b ɛ l,b ɛ l
fun,k-3,CVC,f ə n,f ə n
loud,k-3,digraphs,l aʊ d,l aʊ d
consider,1-5,irregulars,k ə n s ɪ d ʳ,k ə n s ɪ d ʳ
suggested,1-5,blends,s ə dʒ ɛ s t ɪ d,s ə dʒ ɛ s t ɪ d
thin,k-3,digraphs,θ ɪ n,θ ɪ n
position,1-5,irregulars,p ə z ɪ ʃ ə n,p ə z ɪ ʃ ə n
entered,1-5,irregulars,ɛ n t ʳ d,ɛ n t ʳ d
entered,1-5,irregulars,ɛ n t ʳ d,ɛ n ʳ d
fruit,k-3,blends,f r u! t,f r u! t
tied,k-3,CVC,t aɪ d,t aɪ d
rich,k-3,digraphs,r ɪ tʃ,r ɪ tʃ
dollars,1-5,irregulars,d ɑ l ʳ z,d ɑ l ʳ z
dollars,1-5,irregulars,d ɑ l ʳ z,d ɔ l ʳ z
send,k-3,CVC,s ɛ n d,s ɛ n d
sight,k-3,digraphs,s aɪ t,s aɪ t
chief,k-3,digraphs,tʃ i! f,tʃ i! f
japanese,1-5,irregulars,dʒ æ p ə n i! z,dʒ æ p ə n i! z
stream,1-5,digraphs,s t r i! m,s t r i! m
planets,1-5,blends,p l æ n ə t s,p l æ n ə t s
rhythm,1-5,digraphs,r ɪ ð ə m,r ɪ ð ə m
eight,k-3,digraphs,eɪ t,eɪ t
science,1-5,irregulars,s aɪ ə n s,s aɪ ə n s
major,1-5,irregulars,m eɪ dʒ ʳ,m eɪ dʒ ʳ
observe,1-5,irregulars,ə b z ʳ v,ə b z ʳ v
tube,k-3,CVC,t u! b,t u! b
tube,k-3,CVC,t u! b,t j u! b
necessary,1-5,irregulars,n ɛ s ə s ɛ r i!,n ɛ s ə s ɛ r i!
weight,1-5,digraphs,w eɪ t,w eɪ t
meat,k-3,digraphs,m i! t,m i! t
lifted,1-5,irregulars,l ɪ f t ə d,l ɪ f t ə d
lifted,1-5,irregulars,l ɪ f t ə d,l ɪ f t ɪ d
process,1-5,blends,p r ɑ s ɛ s,p r ɑ s ɛ s
process,1-5,blends,p r ɑ s ɛ s,p r ɔ s ɛ s
army,1-5,irregulars,ɑ r m i!,ɑ r m i!
hat,k-3,CVC,H æ t,H æ t
property,1-5,blends,p r ɑ p ʳ t i!,p r ɑ p ʳ t i!
particular,1-5,irregulars,p ʳ t ɪ k j ə l ʳ,p ʳ t ɪ k j ə l ʳ
particular,1-5,irregulars,p ʳ t ɪ k j ə l ʳ,p ɑ t ɪ k j ə l ʳ
swim,k-3,blends,s w ɪ m,s w ɪ m
terms,k-3,blends,t ʳ m z,t ʳ m z
current,1-5,irregulars,k ʳ ə n t,k ʳ ə n t
current,1-5,irregulars,k ʳ ə n t,k ʳ n t
current,1-5,irregulars,k ʳ ə n t,k ɑ r ə n t
park,k-3,CVC,p ɑ r k,p ɑ r k
sell,k-3,CVC,s ɛ l,s ɛ l
shoulder,1-5,digraphs,ʃ oʊ l d ʳ,ʃ oʊ l d ʳ
industry,1-5,blends,ɪ n d ə s t r i!,ɪ n d ə s t r i!
wash,k-3,digraphs,w ɑ ʃ,w ɑ ʃ
block,k-3,digraphs,b l ɑ k,b l ɑ k
spread,1-5,digraphs,s p r ɛ d,s p r ɛ d
cattle,1-5,irregulars,k æ t ə l,k æ t ə l
wife,k-3,CVC,w aɪ f,w aɪ f
sharp,k-3,digraphs,ʃ ɑ r p,ʃ ɑ r p
company,1-5,irregulars,k ə m p ə n i!,k ə m p ə n i!
radio,1-5,irregulars,r eɪ d i! oʊ,r eɪ d i! oʊ
we'll,k-3,blends,w i! l,w i! l
we'll,k-3,blends,w i! l,w ɪ l
action,1-5,irregulars,æ k ʃ ə n,æ k ʃ ə n
capital,1-5,irregulars,k æ p ə t ə l,k æ p ə t ə l
capital,1-5,irregulars,k æ p ə t ə l,k æ p ɪ t ə l
factories,1-5,irregulars,f æ k t ʳ i! z,f æ k t ʳ i! z
settled,1-5,irregulars,s ɛ t ə l d,s ɛ t ə l d
yellow,1-5,digraphs,j ɛ l oʊ,j ɛ l oʊ
isn't,1-5,blends,ɪ z ə n t,ɪ z ə n t
isn't,1-5,blends,ɪ z ə n t,ɪ z ə n
southern,1-5,digraphs,s ə ð ʳ n,s ə ð ʳ n
truck,k-3,digraphs,t r ə k,t r ə k
fair,k-3,digraphs,f ɛ r,f ɛ r
printed,1-5,blends,p r ɪ n t ɪ d,p r ɪ n t ɪ d
printed,1-5,blends,p r ɪ n t ɪ d,p r ɪ n ə d
printed,1-5,blends,p r ɪ n t ɪ d,p r ɪ n ɪ d
wouldn't,1-5,digraphs,w ʊ d ə n t,w ʊ d ə n t
ahead,1-5,digraphs,ə H ɛ d,ə H ɛ d
chance,1-5,digraphs,tʃ æ n s,tʃ æ n s
born,k-3,CVC,b ɔ r n,b ɔ r n
level,1-5,irregulars,l ɛ v ə l,l ɛ v ə l
triangle,1-5,digraphs,t r aɪ æ ŋ ɡ ə l,t r aɪ æ ŋ ɡ ə l
molecules,1-5,irregulars,m ɑ l ə k j u! l z,m ɑ l ə k j u! l z
france,1-5,blends,f r æ n s,f r æ n s
repeated,1-5,digraphs,r ɪ p i! t ɪ d,r ɪ p i! t ɪ d
repeated,1-5,digraphs,r ɪ p i! t ɪ d,r i! p i! t ɪ d
column,1-5,irregulars,k ɑ l ə m,k ɑ l ə m
western,1-5,blends,w ɛ s t ʳ n,w ɛ s t ʳ n
western,1-5,blends,w ɛ s t ʳ n,H w ɛ s t ʳ n
church,1-5,digraphs,tʃ ʳ tʃ,tʃ ʳ tʃ
sister,1-5,blends,s ɪ s t ʳ,s ɪ s t ʳ
oxygen,1-5,irregulars,ɑ k s ə dʒ ə n,ɑ k s ə dʒ ə n
oxygen,1-5,irregulars,ɑ k s ə dʒ ə n,ɑ k s ɪ dʒ ə n
plural,1-5,blends,p l ʊ r ə l,p l ʊ r ə l
various,1-5,digraphs,v ɛ r i! ə s,v ɛ r i! ə s
agreed,1-5,digraphs,ə ɡ r i! d,ə ɡ r i! d
opposite,1-5,irregulars,ɑ p ə z ə t,ɑ p ə z ə t
opposite,1-5,irregulars,ɑ p ə z ə t,ɑ p z ə t
wrong,k-3,digraphs,r ɔ ŋ,r ɔ ŋ
chart,k-3,digraphs,tʃ ɑ r t,tʃ ɑ r t
prepared,1-5,blends,p r i! p ɛ r d,p r i! p ɛ r d
pretty,1-5,blends,p r ɪ t i!,p r ɪ t i!
solution,1-5,irregulars,s ə l u! ʃ ə n,s ə l u! ʃ ə n
fresh,k-3,digraphs,f r ɛ ʃ,f r ɛ ʃ
shop,k-3,digraphs,ʃ ɑ p,ʃ ɑ p
suffix,1-5,irregulars,s ə f ɪ k s,s ə f ɪ k s
especially,1-5,blends,ə s p ɛ ʃ l i!,ə s p ɛ ʃ l i!
especially,1-5,blends,ə s p ɛ ʃ l i!,ə s p ɛ ʃ ə l i!
shoes,k-3,digraphs,ʃ u! z,ʃ u! z
actually,1-5,irregulars,æ k tʃ u! ə l i!,æ k tʃ u! ə l i!
actually,1-5,irregulars,æ k tʃ u! ə l i!,æ k tʃ l i!
actually,1-5,irregulars,æ k tʃ u! ə l i!,æ k ʃ ə l i!
nose,k-3,CVC,n oʊ z,n oʊ z
afraid,1-5,digraphs,ə f r eɪ d,ə f r eɪ d
dead,k-3,digraphs,d ɛ d,d ɛ d
sugar,1-5,irregulars,ʃ ʊ ɡ ʳ,ʃ ʊ ɡ ʳ
adjective,1-5,irregulars,æ dʒ ɪ k t ɪ v,æ dʒ ɪ k t ɪ v
fig,k-3,CVC,f ɪ ɡ,f ɪ ɡ
office,1-5,irregulars,ɔ f ɪ s,ɔ f ɪ s
huge,k-3,CVC,H j u! dʒ,H j u! dʒ
huge,k-3,CVC,H j u! dʒ,j u! dʒ
gun,k-3,CVC,ɡ ə n,ɡ ə n
similar,1-5,irregulars,s ɪ m ə l ʳ,s ɪ m ə l ʳ
death,k-3,digraphs,d ɛ θ,d ɛ θ
score,k-3,blends,s k ɔ r,s k ɔ r
forward,1-5,irregulars,f ɔ r w ʳ d,f ɔ r w ʳ d
stretched,1-5,digraphs,s t r ɛ tʃ t,s t r ɛ tʃ t
experienced,1-5,irregulars,ɪ k s p ɪ r i! ə n s t,ɪ k s p ɪ r i! ə n s t
rose,k-3,CVC,r oʊ z,r oʊ z
allow,1-5,digraphs,ə l aʊ,ə l aʊ
fear,k-3,digraphs,f ɪ r,f ɪ r
workers,1-5,irregulars,w ʳ k ʳ z,w ʳ k ʳ z
washington,1-5,digraphs,w ɑ ʃ ɪ ŋ t ə n,w ɑ ʃ ɪ ŋ t ə n
washington,1-5,digraphs,w ɑ ʃ ɪ ŋ t ə n,w ɔ ʃ ɪ ŋ t ə n
greek,k-3,digraphs,ɡ r i! k,ɡ r i! k
women,1-5,irregulars,w ɪ m ə n,w ɪ m ə n
bought,1-5,digraphs,b ɑ t,b ɑ t
bought,1-5,digraphs,b ɑ t,b ɔ t
led,k-3,CVC,l ɛ d,l ɛ d
march,k-3,digraphs,m ɑ r tʃ,m ɑ r tʃ
northern,1-5,digraphs,n ɔ r ð ʳ n,n ɔ r ð ʳ n
create,1-5,digraphs,k r i! eɪ t,k r i! eɪ t
british,1-5,digraphs,b r ɪ t ɪ ʃ,b r ɪ t ɪ ʃ
difficult,1-5,irregulars,d ɪ f ə k ə l t,d ɪ f ə k ə l t
match,k-3,digraphs,m æ tʃ,m æ tʃ
win,k-3,CVC,w ɪ n,w ɪ n
doesn't,1-5,blends,d ə z ə n t,d ə z ə n t
doesn't,1-5,blends,d ə z ə n t,d ə z ə n
steel,k-3,digraphs,s t i! l,s t i! l
total,1-5,irregulars,t oʊ t ə l,t oʊ t ə l
deal,k-3,digraphs,d i! l,d i! l
determine,1-5,irregulars,d ə t ʳ m ə n,d ə t ʳ m ə n
determine,1-5,irregulars,d ə t ʳ m ə n,d ɪ t ʳ m ə n
evening,1-5,digraphs,i! v n ɪ ŋ,i! v n ɪ ŋ
nor,k-3,CVC,n ɔ r,n ɔ r
rope,k-3,CVC,r oʊ p,r oʊ p
cotton,1-5,irregulars,k ɑ t ə n,k ɑ t ə n
cotton,1-5,irregulars,k ɑ t ə n,k ɔ t ə n
apple,1-5,blends,æ p ə l,æ p ə l
details,1-5,digraphs,d ɪ t eɪ l z,d ɪ t eɪ l z
details,1-5,digraphs,d ɪ t eɪ l z,d i! t eɪ l z
entire,1-5,irregulars,ɪ n t aɪ ʳ,ɪ n t aɪ ʳ
corn,k-3,CVC,k ɔ r n,k ɔ r n
substances,1-5,blends,s ə b s t ə n s ə z,s ə b s t ə n s ə z
substances,1-5,blends,s ə b s t ə n s ə z,s ə b s t ə n s ɪ z
smell,k-3,blends,s m ɛ l,s m ɛ l
tools,k-3,digraphs,t u! l z,t u! l z
conditions,1-5,irregulars,k ə n d ɪ ʃ ə n z,k ə n d ɪ ʃ ə n z
cows,k-3,digraphs,k aʊ z,k aʊ z
track,k-3,digraphs,t r æ k,t r æ k
arrived,1-5,irregulars,ʳ aɪ v d,ʳ aɪ v d
located,1-5,irregulars,l oʊ k eɪ t ə d,l oʊ k eɪ t ə d
located,1-5,irregulars,l oʊ k eɪ t ə d,l oʊ k eɪ d
sir,k-3,CVC,s ʳ,s ʳ
seat,k-3,digraphs,s i! t,s i! t
division,1-5,irregulars,d ɪ v ɪ ʒ ə n,d ɪ v ɪ ʒ ə n
effect,1-5,irregulars,ɪ f ɛ k t,ɪ f ɛ k t
effect,1-5,irregulars,ɪ f ɛ k t,i! f ɛ k t
effect,1-5,irregulars,ɪ f ɛ k t,ə f ɛ k t
underline,1-5,irregulars,ə n d ʳ l aɪ n,ə n d ʳ l aɪ n
view,k-3,CVC,v j u!,v j u!
